{"mean": [0.5417200304585745, 0.48655377367986846, 0.4341938225651801], "std": [0.22794554702241715, 0.2211867687615319, 0.2243418096463758]}