{"mean": [0.5394182635601433, 0.48556546433308406, 0.43331056416082203], "std": [0.22866018256889675, 0.22128344789445198, 0.22409256723761634]}